Test Case #,x,y,theta
0,0.7436388950499278,-0.0012331779301166523,0.014357634634115523
1,0.7344468181095426,0.001847309321165086,0.02637711153584004
